timestamp_ms,can_id,flags,dlc,data_hex
0,0x101,0,2,2D01
0,0x102,0,2,750E
0,0x103,0,2,2A03
100,0x101,0,2,2B01
100,0x102,0,2,720E
100,0x103,0,2,2303
200,0x101,0,2,2B01
200,0x102,0,2,720E
200,0x103,0,2,2B03
300,0x101,0,2,2E01
300,0x102,0,2,750E
300,0x103,0,2,3503
400,0x101,0,2,2A01
400,0x102,0,2,710E
400,0x103,0,2,2803
500,0x101,0,2,2B01
500,0x102,0,2,760E
500,0x103,0,2,3F03
600,0x101,0,2,2C01
600,0x102,0,2,730E
600,0x103,0,2,3B03
700,0x101,0,2,2A01
700,0x102,0,2,6E0E
700,0x103,0,2,3C03
800,0x101,0,2,2A01
800,0x102,0,2,700E
800,0x103,0,2,3603
900,0x101,0,2,2D01
900,0x102,0,2,6F0E
900,0x103,0,2,5103
1000,0x101,0,2,2E01
1000,0x102,0,2,770E
1000,0x103,0,2,5703
1100,0x101,0,2,2D01
1100,0x102,0,2,6D0E
1100,0x103,0,2,5603
1200,0x101,0,2,2B01
1200,0x102,0,2,720E
1200,0x103,0,2,6303
1300,0x101,0,2,2E01
1300,0x102,0,2,710E
1300,0x103,0,2,6603
1400,0x101,0,2,2E01
1400,0x102,0,2,6E0E
1400,0x103,0,2,6703
1500,0x101,0,2,2D01
1500,0x102,0,2,680E
1500,0x103,0,2,6403
1600,0x101,0,2,2E01
1600,0x102,0,2,6B0E
1600,0x103,0,2,6803
1700,0x101,0,2,2F01
1700,0x102,0,2,6F0E
1700,0x103,0,2,6F03
1800,0x101,0,2,2E01
1800,0x102,0,2,700E
1800,0x103,0,2,7603
1900,0x101,0,2,2D01
1900,0x102,0,2,6D0E
1900,0x103,0,2,7403
2000,0x101,0,2,2B01
2000,0x102,0,2,6B0E
2000,0x103,0,2,7303
2100,0x101,0,2,2E01
2100,0x102,0,2,700E
2100,0x103,0,2,7F03
2200,0x101,0,2,2F01
2200,0x102,0,2,6C0E
2200,0x103,0,2,8103
2300,0x101,0,2,2D01
2300,0x102,0,2,6D0E
2300,0x103,0,2,9303
2400,0x101,0,2,2E01
2400,0x102,0,2,680E
2400,0x103,0,2,9903
2500,0x101,0,2,2D01
2500,0x102,0,2,6E0E
2500,0x103,0,2,9C03
2600,0x101,0,2,2E01
2600,0x102,0,2,6E0E
2600,0x103,0,2,8F03
2700,0x101,0,2,2F01
2700,0x102,0,2,680E
2700,0x103,0,2,8603
2800,0x101,0,2,2E01
2800,0x102,0,2,680E
2800,0x103,0,2,A103
2900,0x101,0,2,2F01
2900,0x102,0,2,6E0E
2900,0x103,0,2,AE03
3000,0x101,0,2,3101
3000,0x102,0,2,6B0E
3000,0x103,0,2,AB03
3100,0x101,0,2,3001
3100,0x102,0,2,6D0E
3100,0x103,0,2,B303
3200,0x101,0,2,2E01
3200,0x102,0,2,680E
3200,0x103,0,2,BA03
3300,0x101,0,2,3101
3300,0x102,0,2,6F0E
3300,0x103,0,2,AF03
3400,0x101,0,2,2F01
3400,0x102,0,2,650E
3400,0x103,0,2,C303
3500,0x101,0,2,2C01
3500,0x102,0,2,670E
3500,0x103,0,2,B003
3600,0x101,0,2,2E01
3600,0x102,0,2,6B0E
3600,0x103,0,2,B403
3700,0x101,0,2,2F01
3700,0x102,0,2,6D0E
3700,0x103,0,2,D503
3800,0x101,0,2,2F01
3800,0x102,0,2,690E
3800,0x103,0,2,BF03
3900,0x101,0,2,2F01
3900,0x102,0,2,630E
3900,0x103,0,2,C103
4000,0x101,0,2,3101
4000,0x102,0,2,660E
4000,0x103,0,2,CD03
4100,0x101,0,2,3001
4100,0x102,0,2,630E
4100,0x103,0,2,D203
4200,0x101,0,2,3201
4200,0x102,0,2,650E
4200,0x103,0,2,C903
4300,0x101,0,2,3001
4300,0x102,0,2,5C0E
4300,0x103,0,2,D103
4400,0x101,0,2,2F01
4400,0x102,0,2,670E
4400,0x103,0,2,DA03
4500,0x101,0,2,3201
4500,0x102,0,2,660E
4500,0x103,0,2,CB03
4600,0x101,0,2,2F01
4600,0x102,0,2,610E
4600,0x103,0,2,DC03
4700,0x101,0,2,3401
4700,0x102,0,2,610E
4700,0x103,0,2,E103
4800,0x101,0,2,3201
4800,0x102,0,2,620E
4800,0x103,0,2,D603
4900,0x101,0,2,3201
4900,0x102,0,2,6B0E
4900,0x103,0,2,E403
5000,0x101,0,2,2D01
5000,0x102,0,2,630E
5000,0x103,0,2,DA03
5100,0x101,0,2,3101
5100,0x102,0,2,600E
5100,0x103,0,2,DC03
5200,0x101,0,2,2F01
5200,0x102,0,2,600E
5200,0x103,0,2,E303
5300,0x101,0,2,2E01
5300,0x102,0,2,650E
5300,0x103,0,2,E703
5400,0x101,0,2,2F01
5400,0x102,0,2,680E
5400,0x103,0,2,E603
5500,0x101,0,2,3301
5500,0x102,0,2,620E
5500,0x103,0,2,CC03
5600,0x101,0,2,3201
5600,0x102,0,2,5E0E
5600,0x103,0,2,E803
5700,0x101,0,2,3301
5700,0x102,0,2,5E0E
5700,0x103,0,2,F103
5800,0x101,0,2,3101
5800,0x102,0,2,5E0E
5800,0x103,0,2,E903
5900,0x101,0,2,3101
5900,0x102,0,2,650E
5900,0x103,0,2,EC03
6000,0x101,0,2,3101
6000,0x102,0,2,650E
6000,0x103,0,2,F203
6100,0x101,0,2,3101
6100,0x102,0,2,6A0E
6100,0x103,0,2,E803
6200,0x101,0,2,3101
6200,0x102,0,2,660E
6200,0x103,0,2,EA03
6300,0x101,0,2,3101
6300,0x102,0,2,5C0E
6300,0x103,0,2,F003
6400,0x101,0,2,3301
6400,0x102,0,2,680E
6400,0x103,0,2,DD03
6500,0x101,0,2,3301
6500,0x102,0,2,680E
6500,0x103,0,2,F103
6600,0x101,0,2,3201
6600,0x102,0,2,5B0E
6600,0x103,0,2,E703
6700,0x101,0,2,3201
6700,0x102,0,2,660E
6700,0x103,0,2,FC03
6800,0x101,0,2,3401
6800,0x102,0,2,600E
6800,0x103,0,2,DA03
6900,0x101,0,2,3301
6900,0x102,0,2,9D08
6900,0x103,0,2,DE03
7000,0x101,0,2,2F01
7000,0x102,0,2,600E
7000,0x103,0,2,EA03
7100,0x101,0,2,3401
7100,0x102,0,2,650E
7100,0x103,0,2,E503
7200,0x101,0,2,3301
7200,0x102,0,2,5C0E
7200,0x103,0,2,E203
7300,0x101,0,2,3201
7300,0x102,0,2,600E
7300,0x103,0,2,E103
7400,0x101,0,2,3301
7400,0x102,0,2,5D0E
7400,0x103,0,2,E203
7500,0x101,0,2,3501
7500,0x102,0,2,5D0E
7500,0x103,0,2,D703
7600,0x101,0,2,3001
7600,0x102,0,2,5B0E
7600,0x103,0,2,E903
7700,0x101,0,2,3401
7700,0x102,0,2,610E
7700,0x103,0,2,D403
7800,0x101,0,2,3401
7800,0x102,0,2,580E
7800,0x103,0,2,E103
7900,0x101,0,2,3101
7900,0x102,0,2,5D0E
7900,0x103,0,2,DB03
8000,0x101,0,2,3001
8000,0x102,0,2,5B0E
8000,0x103,0,2,D703
8100,0x101,0,2,3201
8100,0x102,0,2,5C0E
8100,0x103,0,2,CF03
8200,0x101,0,2,3501
8200,0x102,0,2,5F0E
8200,0x103,0,2,D303
8300,0x101,0,2,3401
8300,0x102,0,2,590E
8300,0x103,0,2,C603
8400,0x101,0,2,3101
8400,0x102,0,2,5B0E
8400,0x103,0,2,CE03
8500,0x101,0,2,3401
8500,0x102,0,2,5A0E
8500,0x103,0,2,4702
8600,0x101,0,2,3501
8600,0x102,0,2,5C0E
8600,0x103,0,2,D803
8700,0x101,0,2,B900
8700,0x102,0,2,5D0E
8700,0x103,0,2,C703
8800,0x101,0,2,3601
8800,0x102,0,2,580E
8800,0x103,0,2,C303
8900,0x101,0,2,3601
8900,0x102,0,2,520E
8900,0x103,0,2,BD03
9000,0x101,0,2,3301
9000,0x102,0,2,580E
9000,0x103,0,2,AB03
9100,0x101,0,2,3401
9100,0x102,0,2,600E
9100,0x103,0,2,B003
9200,0x101,0,2,3501
9200,0x102,0,2,560E
9200,0x103,0,2,AD03
9300,0x101,0,2,3501
9300,0x102,0,2,550E
9300,0x103,0,2,B603
9400,0x101,0,2,3401
9400,0x102,0,2,540E
9400,0x103,0,2,AF03
9500,0x101,0,2,3601
9500,0x102,0,2,5C0E
9500,0x103,0,2,B403
9600,0x101,0,2,3701
9600,0x102,0,2,550E
9600,0x103,0,2,1705
9700,0x101,0,2,3601
9700,0x102,0,2,590E
9700,0x103,0,2,AA03
9800,0x101,0,2,3501
9800,0x102,0,2,540E
9800,0x103,0,2,A303
9900,0x101,0,2,3501
9900,0x102,0,2,540E
9900,0x103,0,2,9603
10000,0x101,0,2,3401
10000,0x102,0,2,490E
10000,0x103,0,2,9003
10100,0x101,0,2,3601
10100,0x102,0,2,540E
10100,0x103,0,2,9603
10200,0x101,0,2,3501
10200,0x102,0,2,580E
10200,0x103,0,2,8303
10300,0x101,0,2,3601
10300,0x102,0,2,510E
10300,0x103,0,2,9103
10400,0x101,0,2,3501
10400,0x102,0,2,5E0E
10400,0x103,0,2,9403
10500,0x101,0,2,3801
10500,0x102,0,2,550E
10500,0x103,0,2,9203
10600,0x101,0,2,3701
10600,0x102,0,2,550E
10600,0x103,0,2,8203
10700,0x101,0,2,3601
10700,0x102,0,2,540E
10700,0x103,0,2,6B03
10800,0x101,0,2,3801
10800,0x102,0,2,4E0E
10800,0x103,0,2,7D03
10900,0x101,0,2,3601
10900,0x102,0,2,4E0E
10900,0x103,0,2,6E03
11000,0x101,0,2,3501
11000,0x102,0,2,530E
11000,0x103,0,2,6903
11100,0x101,0,2,3901
11100,0x102,0,2,560E
11100,0x103,0,2,7703
11200,0x101,0,2,3701
11200,0x102,0,2,530E
11200,0x103,0,2,6803
11300,0x101,0,2,3701
11300,0x102,0,2,4F0E
11300,0x103,0,2,5A03
11400,0x101,0,2,3701
11400,0x102,0,2,530E
11400,0x103,0,2,7303
11500,0x101,0,2,3701
11500,0x102,0,2,490E
11500,0x103,0,2,5D03
11600,0x101,0,2,3701
11600,0x102,0,2,500E
11600,0x103,0,2,4B03
11700,0x101,0,2,3401
11700,0x102,0,2,530E
11700,0x103,0,2,4903
11800,0x101,0,2,3901
11800,0x102,0,2,590E
11800,0x103,0,2,3F03
11900,0x101,0,2,3601
11900,0x102,0,2,510E
11900,0x103,0,2,4903
12000,0x101,0,2,3701
12000,0x102,0,2,4D0E
12000,0x103,0,2,4403
12100,0x101,0,2,3301
12100,0x102,0,2,500E
12100,0x103,0,2,3703
12200,0x101,0,2,3401
12200,0x102,0,2,4F0E
12200,0x103,0,2,2C03
12300,0x101,0,2,3801
12300,0x102,0,2,490E
12300,0x103,0,2,3103
12400,0x101,0,2,3701
12400,0x102,0,2,4A0E
12400,0x103,0,2,1803
12500,0x101,0,2,3701
12500,0x102,0,2,510E
12500,0x103,0,2,2203
12600,0x101,0,2,3801
12600,0x102,0,2,510E
12600,0x103,0,2,2303
12700,0x101,0,2,3B01
12700,0x102,0,2,4D0E
12700,0x103,0,2,1403
12800,0x101,0,2,3D01
12800,0x102,0,2,4C0E
12800,0x103,0,2,1503
12900,0x101,0,2,3801
12900,0x102,0,2,470E
12900,0x103,0,2,0303
13000,0x101,0,2,3801
13000,0x102,0,2,4D0E
13000,0x103,0,2,0603
13100,0x101,0,2,3701
13100,0x102,0,2,420E
13100,0x103,0,2,0403
13200,0x101,0,2,3701
13200,0x102,0,2,480E
13200,0x103,0,2,0503
13300,0x101,0,2,3901
13300,0x102,0,2,4C0E
13300,0x103,0,2,FC02
13400,0x101,0,2,3801
13400,0x102,0,2,4E0E
13400,0x103,0,2,FD02
13500,0x101,0,2,3901
13500,0x102,0,2,530E
13500,0x103,0,2,F502
13600,0x101,0,2,3901
13600,0x102,0,2,4D0E
13600,0x103,0,2,EB02
13700,0x101,0,2,3A01
13700,0x102,0,2,490E
13700,0x103,0,2,F302
13800,0x101,0,2,3901
13800,0x102,0,2,510E
13800,0x103,0,2,EF02
13900,0x101,0,2,3B01
13900,0x102,0,2,4D0E
13900,0x103,0,2,E602
14000,0x101,0,2,3901
14000,0x102,0,2,4C0E
14000,0x103,0,2,D702
14100,0x101,0,2,3901
14100,0x102,0,2,510E
14100,0x103,0,2,D102
14200,0x101,0,2,3B01
14200,0x102,0,2,500E
14200,0x103,0,2,D202
14300,0x101,0,2,3801
14300,0x102,0,2,490E
14300,0x103,0,2,BF02
14400,0x101,0,2,3901
14400,0x102,0,2,480E
14400,0x103,0,2,C402
14500,0x101,0,2,3901
14500,0x102,0,2,4B0E
14500,0x103,0,2,B702
14600,0x101,0,2,3901
14600,0x102,0,2,470E
14600,0x103,0,2,BB02
14700,0x101,0,2,3901
14700,0x102,0,2,4D0E
14700,0x103,0,2,B302
14800,0x101,0,2,3801
14800,0x102,0,2,440E
14800,0x103,0,2,C202
14900,0x101,0,2,3B01
14900,0x102,0,2,490E
14900,0x103,0,2,A502
15000,0x101,0,2,3D01
15000,0x102,0,2,450E
15000,0x103,0,2,AF02
15100,0x101,0,2,3B01
15100,0x102,0,2,400E
15100,0x103,0,2,9A02
15200,0x101,0,2,3A01
15200,0x102,0,2,490E
15200,0x103,0,2,A702
15300,0x101,0,2,3B01
15300,0x102,0,2,430E
15300,0x103,0,2,A002
15400,0x101,0,2,3B01
15400,0x102,0,2,4A0E
15400,0x103,0,2,AE02
15500,0x101,0,2,3C01
15500,0x102,0,2,460E
15500,0x103,0,2,9802
15600,0x101,0,2,3901
15600,0x102,0,2,440E
15600,0x103,0,2,8802
15700,0x101,0,2,3C01
15700,0x102,0,2,460E
15700,0x103,0,2,8E02
15800,0x101,0,2,3B01
15800,0x102,0,2,410E
15800,0x103,0,2,8A02
15900,0x101,0,2,3A01
15900,0x102,0,2,450E
15900,0x103,0,2,8902
16000,0x101,0,2,3D01
16000,0x102,0,2,420E
16000,0x103,0,2,9302
16100,0x101,0,2,3C01
16100,0x102,0,2,450E
16100,0x103,0,2,8F02
16200,0x101,0,2,3B01
16200,0x102,0,2,480E
16200,0x103,0,2,7E02
16300,0x101,0,2,3A01
16300,0x102,0,2,460E
16300,0x103,0,2,8602
16400,0x101,0,2,3801
16400,0x102,0,2,430E
16400,0x103,0,2,8002
16500,0x101,0,2,3D01
16500,0x102,0,2,3C0E
16500,0x103,0,2,7A02
16600,0x101,0,2,3C01
16600,0x102,0,2,460E
16600,0x103,0,2,7902
16700,0x101,0,2,3701
16700,0x102,0,2,3E0E
16700,0x103,0,2,7202
16800,0x101,0,2,3E01
16800,0x102,0,2,430E
16800,0x103,0,2,7002
16900,0x101,0,2,3D01
16900,0x102,0,2,340E
16900,0x103,0,2,6E02
17000,0x101,0,2,3E01
17000,0x102,0,2,400E
17000,0x103,0,2,7C02
17100,0x101,0,2,3B01
17100,0x102,0,2,420E
17100,0x103,0,2,6C02
17200,0x101,0,2,3D01
17200,0x102,0,2,3D0E
17200,0x103,0,2,6102
17300,0x101,0,2,3E01
17300,0x102,0,2,3D0E
17300,0x103,0,2,6202
17400,0x101,0,2,3E01
17400,0x102,0,2,420E
17400,0x103,0,2,5402
17500,0x101,0,2,3D01
17500,0x102,0,2,3D0E
17500,0x103,0,2,6602
17600,0x101,0,2,3F01
17600,0x102,0,2,3D0E
17600,0x103,0,2,5602
17700,0x101,0,2,3F01
17700,0x102,0,2,3B0E
17700,0x103,0,2,6402
17800,0x101,0,2,3E01
17800,0x102,0,2,410E
17800,0x103,0,2,5B02
17900,0x101,0,2,3F01
17900,0x102,0,2,360E
17900,0x103,0,2,6802
18000,0x101,0,2,3E01
18000,0x102,0,2,3E0E
18000,0x103,0,2,5C02
18100,0x101,0,2,3C01
18100,0x102,0,2,410E
18100,0x103,0,2,5E02
18200,0x101,0,2,3E01
18200,0x102,0,2,3C0E
18200,0x103,0,2,6602
18300,0x101,0,2,3D01
18300,0x102,0,2,3F0E
18300,0x103,0,2,5402
18400,0x101,0,2,4001
18400,0x102,0,2,3E0E
18400,0x103,0,2,5602
18500,0x101,0,2,3D01
18500,0x102,0,2,400E
18500,0x103,0,2,5702
18600,0x101,0,2,3D01
18600,0x102,0,2,420E
18600,0x103,0,2,5A02
18700,0x101,0,2,3D01
18700,0x102,0,2,420E
18700,0x103,0,2,5A02
18800,0x101,0,2,3C01
18800,0x102,0,2,400E
18800,0x103,0,2,5202
18900,0x101,0,2,3E01
18900,0x102,0,2,430E
18900,0x103,0,2,6102
19000,0x101,0,2,3D01
19000,0x102,0,2,3D0E
19000,0x103,0,2,6202
19100,0x101,0,2,4101
19100,0x102,0,2,310E
19100,0x103,0,2,5902
19200,0x101,0,2,3E01
19200,0x102,0,2,390E
19200,0x103,0,2,5302
19300,0x101,0,2,3F01
19300,0x102,0,2,390E
19300,0x103,0,2,6602
19400,0x101,0,2,3E01
19400,0x102,0,2,360E
19400,0x103,0,2,5A02
19500,0x101,0,2,4101
19500,0x102,0,2,380E
19500,0x103,0,2,5702
19600,0x101,0,2,3F01
19600,0x102,0,2,370E
19600,0x103,0,2,4C02
19700,0x101,0,2,3F01
19700,0x102,0,2,340E
19700,0x103,0,2,5902
19800,0x101,0,2,3E01
19800,0x102,0,2,3E0E
19800,0x103,0,2,5402
19900,0x101,0,2,4001
19900,0x102,0,2,380E
19900,0x103,0,2,6302
20000,0x101,0,2,3E01
20000,0x102,0,2,360E
20000,0x103,0,2,5602
20100,0x101,0,2,4201
20100,0x102,0,2,370E
20100,0x103,0,2,6302
20200,0x101,0,2,4101
20200,0x102,0,2,340E
20200,0x103,0,2,6302
20300,0x101,0,2,3F01
20300,0x102,0,2,360E
20300,0x103,0,2,7202
20400,0x101,0,2,3E01
20400,0x102,0,2,360E
20400,0x103,0,2,5F02
20500,0x101,0,2,4201
20500,0x102,0,2,2F0E
20500,0x103,0,2,6602
20600,0x101,0,2,4001
20600,0x102,0,2,340E
20600,0x103,0,2,7102
20700,0x101,0,2,3F01
20700,0x102,0,2,330E
20700,0x103,0,2,6602
20800,0x101,0,2,3F01
20800,0x102,0,2,3C0E
20800,0x103,0,2,7302
20900,0x101,0,2,4001
20900,0x102,0,2,2F0E
20900,0x103,0,2,7702
21000,0x101,0,2,4201
21000,0x102,0,2,2B0E
21000,0x103,0,2,7102
21100,0x101,0,2,4101
21100,0x102,0,2,3D0E
21100,0x103,0,2,6F02
21200,0x101,0,2,3F01
21200,0x102,0,2,330E
21200,0x103,0,2,6C02
21300,0x101,0,2,4201
21300,0x102,0,2,340E
21300,0x103,0,2,8002
21400,0x101,0,2,4201
21400,0x102,0,2,330E
21400,0x103,0,2,8402
21500,0x101,0,2,BF00
21500,0x102,0,2,380E
21500,0x103,0,2,7402
21600,0x101,0,2,4301
21600,0x102,0,2,360E
21600,0x103,0,2,8902
21700,0x101,0,2,4101
21700,0x102,0,2,310E
21700,0x103,0,2,8702
21800,0x101,0,2,4001
21800,0x102,0,2,280E
21800,0x103,0,2,8502
21900,0x101,0,2,4001
21900,0x102,0,2,2C0E
21900,0x103,0,2,9402
22000,0x101,0,2,4301
22000,0x102,0,2,330E
22000,0x103,0,2,9702
22100,0x101,0,2,4101
22100,0x102,0,2,310E
22100,0x103,0,2,A402
22200,0x101,0,2,4401
22200,0x102,0,2,310E
22200,0x103,0,2,A002
22300,0x101,0,2,4201
22300,0x102,0,2,2E0E
22300,0x103,0,2,AB02
22400,0x101,0,2,4201
22400,0x102,0,2,350E
22400,0x103,0,2,9F02
22500,0x101,0,2,4201
22500,0x102,0,2,2B0E
22500,0x103,0,2,AB02
22600,0x101,0,2,4301
22600,0x102,0,2,310E
22600,0x103,0,2,B202
22700,0x101,0,2,4101
22700,0x102,0,2,320E
22700,0x103,0,2,B002
22800,0x101,0,2,4101
22800,0x102,0,2,310E
22800,0x103,0,2,A502
22900,0x101,0,2,4301
22900,0x102,0,2,2E0E
22900,0x103,0,2,AE02
23000,0x101,0,2,4201
23000,0x102,0,2,2F0E
23000,0x103,0,2,B602
23100,0x101,0,2,4501
23100,0x102,0,2,320E
23100,0x103,0,2,C202
23200,0x101,0,2,4301
23200,0x102,0,2,340E
23200,0x103,0,2,C602
23300,0x101,0,2,4401
23300,0x102,0,2,2D0E
23300,0x103,0,2,D802
23400,0x101,0,2,4501
23400,0x102,0,2,310E
23400,0x103,0,2,BE02
23500,0x101,0,2,4101
23500,0x102,0,2,240E
23500,0x103,0,2,D202
23600,0x101,0,2,4501
23600,0x102,0,2,2F0E
23600,0x103,0,2,D702
23700,0x101,0,2,4301
23700,0x102,0,2,8408
23700,0x103,0,2,DB02
23800,0x101,0,2,4101
23800,0x102,0,2,2F0E
23800,0x103,0,2,E202
23900,0x101,0,2,4501
23900,0x102,0,2,2B0E
23900,0x103,0,2,DC02
24000,0x101,0,2,4401
24000,0x102,0,2,2D0E
24000,0x103,0,2,EA02
24100,0x101,0,2,4401
24100,0x102,0,2,280E
24100,0x103,0,2,E402
24200,0x101,0,2,4201
24200,0x102,0,2,2C0E
24200,0x103,0,2,EF02
24300,0x101,0,2,4101
24300,0x102,0,2,2F0E
24300,0x103,0,2,F502
24400,0x101,0,2,4401
24400,0x102,0,2,2B0E
24400,0x103,0,2,0203
24500,0x101,0,2,4501
24500,0x102,0,2,2E0E
24500,0x103,0,2,F902
24600,0x101,0,2,4401
24600,0x102,0,2,260E
24600,0x103,0,2,0603
24700,0x101,0,2,4301
24700,0x102,0,2,2A0E
24700,0x103,0,2,0703
24800,0x101,0,2,4401
24800,0x102,0,2,270E
24800,0x103,0,2,0603
24900,0x101,0,2,4401
24900,0x102,0,2,260E
24900,0x103,0,2,2003
25000,0x101,0,2,4201
25000,0x102,0,2,290E
25000,0x103,0,2,1903
25100,0x101,0,2,4701
25100,0x102,0,2,250E
25100,0x103,0,2,2203
25200,0x101,0,2,C100
25200,0x102,0,2,2A0E
25200,0x103,0,2,2803
25300,0x101,0,2,4501
25300,0x102,0,2,2D0E
25300,0x103,0,2,2C03
25400,0x101,0,2,4401
25400,0x102,0,2,2A0E
25400,0x103,0,2,2F03
25500,0x101,0,2,4501
25500,0x102,0,2,270E
25500,0x103,0,2,2603
25600,0x101,0,2,4601
25600,0x102,0,2,250E
25600,0x103,0,2,3503
25700,0x101,0,2,4301
25700,0x102,0,2,2A0E
25700,0x103,0,2,2A03
25800,0x101,0,2,4801
25800,0x102,0,2,290E
25800,0x103,0,2,4B03
25900,0x101,0,2,4701
25900,0x102,0,2,1F0E
25900,0x103,0,2,4903
26000,0x101,0,2,4601
26000,0x102,0,2,1D0E
26000,0x103,0,2,4C03
26100,0x101,0,2,4501
26100,0x102,0,2,250E
26100,0x103,0,2,4F03
26200,0x101,0,2,4701
26200,0x102,0,2,230E
26200,0x103,0,2,5303
26300,0x101,0,2,4501
26300,0x102,0,2,250E
26300,0x103,0,2,6903
26400,0x101,0,2,4301
26400,0x102,0,2,260E
26400,0x103,0,2,5603
26500,0x101,0,2,4501
26500,0x102,0,2,220E
26500,0x103,0,2,6603
26600,0x101,0,2,4401
26600,0x102,0,2,270E
26600,0x103,0,2,5D03
26700,0x101,0,2,4601
26700,0x102,0,2,260E
26700,0x103,0,2,7303
26800,0x101,0,2,4701
26800,0x102,0,2,240E
26800,0x103,0,2,6D03
26900,0x101,0,2,4601
26900,0x102,0,2,180E
26900,0x103,0,2,8003
27000,0x101,0,2,4701
27000,0x102,0,2,220E
27000,0x103,0,2,7F03
27100,0x101,0,2,4801
27100,0x102,0,2,240E
27100,0x103,0,2,7A03
27200,0x101,0,2,4401
27200,0x102,0,2,200E
27200,0x103,0,2,EB04
27300,0x101,0,2,4401
27300,0x102,0,2,210E
27300,0x103,0,2,8D03
27400,0x101,0,2,4701
27400,0x102,0,2,240E
27400,0x103,0,2,8A03
27500,0x101,0,2,4901
27500,0x102,0,2,220E
27500,0x103,0,2,9403
27600,0x101,0,2,4601
27600,0x102,0,2,290E
27600,0x103,0,2,9403
27700,0x101,0,2,4801
27700,0x102,0,2,200E
27700,0x103,0,2,9D03
27800,0x101,0,2,4501
27800,0x102,0,2,1F0E
27800,0x103,0,2,A203
27900,0x101,0,2,4801
27900,0x102,0,2,200E
27900,0x103,0,2,9F03
28000,0x101,0,2,4801
28000,0x102,0,2,1E0E
28000,0x103,0,2,9C03
28100,0x101,0,2,4801
28100,0x102,0,2,210E
28100,0x103,0,2,A303
28200,0x101,0,2,4A01
28200,0x102,0,2,210E
28200,0x103,0,2,AD03
28300,0x101,0,2,4701
28300,0x102,0,2,230E
28300,0x103,0,2,B203
28400,0x101,0,2,4901
28400,0x102,0,2,230E
28400,0x103,0,2,B303
28500,0x101,0,2,4601
28500,0x102,0,2,240E
28500,0x103,0,2,B503
28600,0x101,0,2,4801
28600,0x102,0,2,1A0E
28600,0x103,0,2,BF03
28700,0x101,0,2,4901
28700,0x102,0,2,2E0E
28700,0x103,0,2,C403
28800,0x101,0,2,4B01
28800,0x102,0,2,1F0E
28800,0x103,0,2,CB03
28900,0x101,0,2,4701
28900,0x102,0,2,1F0E
28900,0x103,0,2,BA03
29000,0x101,0,2,4701
29000,0x102,0,2,210E
29000,0x103,0,2,C603
29100,0x101,0,2,4901
29100,0x102,0,2,180E
29100,0x103,0,2,C703
29200,0x101,0,2,4601
29200,0x102,0,2,200E
29200,0x103,0,2,C703
29300,0x101,0,2,4801
29300,0x102,0,2,160E
29300,0x103,0,2,CA03
29400,0x101,0,2,4801
29400,0x102,0,2,1D0E
29400,0x103,0,2,DA03
29500,0x101,0,2,4901
29500,0x102,0,2,1A0E
29500,0x103,0,2,D203
29600,0x101,0,2,4901
29600,0x102,0,2,120E
29600,0x103,0,2,D203
29700,0x101,0,2,4901
29700,0x102,0,2,1B0E
29700,0x103,0,2,C703
29800,0x101,0,2,4801
29800,0x102,0,2,170E
29800,0x103,0,2,C803
29900,0x101,0,2,4B01
29900,0x102,0,2,180E
29900,0x103,0,2,DB03
30000,0x101,0,2,4A01
30000,0x103,0,2,D403
30100,0x101,0,2,4901
30100,0x103,0,2,D903
30200,0x101,0,2,4A01
30200,0x103,0,2,E103
30300,0x101,0,2,4801
30300,0x103,0,2,D803
30400,0x101,0,2,4A01
30400,0x103,0,2,DE03
30500,0x101,0,2,4B01
30500,0x103,0,2,E503
30600,0x101,0,2,4801
30600,0x103,0,2,E703
30700,0x101,0,2,4801
30700,0x103,0,2,F303
30800,0x101,0,2,4D01
30800,0x103,0,2,E103
30900,0x101,0,2,4C01
30900,0x103,0,2,E303
31000,0x101,0,2,4A01
31000,0x103,0,2,EF03
31100,0x101,0,2,4901
31100,0x103,0,2,DE03
31200,0x101,0,2,4A01
31200,0x103,0,2,DD03
31300,0x101,0,2,4B01
31300,0x103,0,2,EC03
31400,0x101,0,2,4C01
31400,0x103,0,2,F403
31500,0x101,0,2,4E01
31500,0x103,0,2,E303
31600,0x101,0,2,4D01
31600,0x103,0,2,E203
31700,0x101,0,2,4901
31700,0x103,0,2,EE03
31800,0x101,0,2,4801
31800,0x103,0,2,E903
31900,0x101,0,2,4901
31900,0x103,0,2,EC03
32000,0x101,0,2,4A01
32000,0x103,0,2,E003
32100,0x101,0,2,4C01
32100,0x103,0,2,E503
32200,0x101,0,2,4A01
32200,0x103,0,2,D903
32300,0x101,0,2,4A01
32300,0x103,0,2,D603
32400,0x101,0,2,4B01
32400,0x103,0,2,DD03
32500,0x101,0,2,4D01
32500,0x103,0,2,D703
32600,0x101,0,2,4C01
32600,0x103,0,2,EB03
32700,0x101,0,2,4F01
32700,0x103,0,2,E903
32800,0x101,0,2,4E01
32800,0x103,0,2,E503
32900,0x101,0,2,4B01
32900,0x103,0,2,D803
33000,0x101,0,2,4E01
33000,0x103,0,2,D703
33100,0x101,0,2,4C01
33100,0x103,0,2,E203
33200,0x101,0,2,4C01
33200,0x103,0,2,D703
33300,0x101,0,2,4B01
33300,0x103,0,2,CC03
33400,0x101,0,2,4E01
33400,0x103,0,2,CF03
33500,0x101,0,2,4E01
33500,0x103,0,2,C203
33600,0x101,0,2,4C01
33600,0x103,0,2,D303
33700,0x101,0,2,4D01
33700,0x103,0,2,C203
33800,0x101,0,2,4D01
33800,0x103,0,2,C803
33900,0x101,0,2,4F01
33900,0x103,0,2,BD03
34000,0x101,0,2,4D01
34000,0x102,0,2,110E
34000,0x103,0,2,C103
34100,0x101,0,2,4C01
34100,0x102,0,2,0D0E
34100,0x103,0,2,BA03
34200,0x101,0,2,5001
34200,0x102,0,2,050E
34200,0x103,0,2,B003
34300,0x101,0,2,4E01
34300,0x102,0,2,090E
34300,0x103,0,2,A603
34400,0x101,0,2,4E01
34400,0x102,0,2,110E
34400,0x103,0,2,BB03
34500,0x101,0,2,4C01
34500,0x102,0,2,090E
34500,0x103,0,2,B503
34600,0x101,0,2,4E01
34600,0x102,0,2,0D0E
34600,0x103,0,2,AA03
34700,0x101,0,2,4F01
34700,0x102,0,2,0C0E
34700,0x103,0,2,B303
34800,0x101,0,2,5001
34800,0x102,0,2,0A0E
34800,0x103,0,2,9D03
34900,0x101,0,2,4E01
34900,0x102,0,2,130E
34900,0x103,0,2,9D03
35000,0x101,0,2,5101
35000,0x102,0,2,070E
35000,0x103,0,2,9B03
35100,0x101,0,2,4C01
35100,0x102,0,2,0B0E
35100,0x103,0,2,9F03
35200,0x101,0,2,4E01
35200,0x102,0,2,070E
35200,0x103,0,2,9303
35300,0x101,0,2,4F01
35300,0x102,0,2,040E
35300,0x103,0,2,9103
35400,0x101,0,2,4F01
35400,0x102,0,2,0A0E
35400,0x103,0,2,8603
35500,0x101,0,2,4E01
35500,0x102,0,2,040E
35500,0x103,0,2,8703
35600,0x101,0,2,4E01
35600,0x102,0,2,0A0E
35600,0x103,0,2,8903
35700,0x101,0,2,5001
35700,0x102,0,2,0A0E
35700,0x103,0,2,7B03
35800,0x101,0,2,5201
35800,0x102,0,2,090E
35800,0x103,0,2,7903
35900,0x101,0,2,4E01
35900,0x102,0,2,0A0E
35900,0x103,0,2,7803
36000,0x101,0,2,4F01
36000,0x102,0,2,050E
36000,0x103,0,2,7A03
36100,0x101,0,2,4C01
36100,0x102,0,2,0E0E
36100,0x103,0,2,7203
36200,0x101,0,2,5101
36200,0x102,0,2,040E
36200,0x103,0,2,5F03
36300,0x101,0,2,4F01
36300,0x102,0,2,020E
36300,0x103,0,2,6303
36400,0x101,0,2,5001
36400,0x102,0,2,060E
36400,0x103,0,2,6103
36500,0x101,0,2,5001
36500,0x102,0,2,070E
36500,0x103,0,2,5F03
36600,0x101,0,2,5101
36600,0x102,0,2,050E
36600,0x103,0,2,4D03
36700,0x101,0,2,4F01
36700,0x102,0,2,070E
36700,0x103,0,2,5903
36800,0x101,0,2,4E01
36800,0x102,0,2,040E
36800,0x103,0,2,4703
36900,0x101,0,2,4F01
36900,0x102,0,2,010E
36900,0x103,0,2,4103
37000,0x101,0,2,5201
37000,0x102,0,2,070E
37000,0x103,0,2,4F03
37100,0x101,0,2,5101
37100,0x102,0,2,FF0D
37100,0x103,0,2,3F03
37200,0x101,0,2,5001
37200,0x102,0,2,070E
37200,0x103,0,2,3B03
37300,0x101,0,2,5001
37300,0x102,0,2,020E
37300,0x103,0,2,2F03
37400,0x101,0,2,5201
37400,0x102,0,2,030E
37400,0x103,0,2,2C03
37500,0x101,0,2,5001
37500,0x102,0,2,0A0E
37500,0x103,0,2,1E03
37600,0x101,0,2,5201
37600,0x102,0,2,020E
37600,0x103,0,2,2F03
37700,0x101,0,2,5201
37700,0x102,0,2,000E
37700,0x103,0,2,1403
37800,0x101,0,2,5501
37800,0x102,0,2,FD0D
37800,0x103,0,2,1503
37900,0x101,0,2,5501
37900,0x102,0,2,030E
37900,0x103,0,2,1303
38000,0x101,0,2,5101
38000,0x102,0,2,010E
38000,0x103,0,2,1D03
38100,0x101,0,2,5001
38100,0x102,0,2,020E
38100,0x103,0,2,1003
38200,0x101,0,2,5301
38200,0x102,0,2,000E
38200,0x103,0,2,FE02
38300,0x101,0,2,5301
38300,0x102,0,2,FB0D
38300,0x103,0,2,0C03
38400,0x101,0,2,5601
38400,0x102,0,2,FB0D
38400,0x103,0,2,0203
38500,0x101,0,2,5001
38500,0x102,0,2,FB0D
38500,0x103,0,2,F902
38600,0x101,0,2,5201
38600,0x102,0,2,000E
38600,0x103,0,2,F802
38700,0x101,0,2,5201
38700,0x102,0,2,050E
38700,0x103,0,2,E502
38800,0x101,0,2,5101
38800,0x102,0,2,020E
38800,0x103,0,2,E502
38900,0x101,0,2,5201
38900,0x102,0,2,010E
38900,0x103,0,2,E502
39000,0x101,0,2,5201
39000,0x102,0,2,FD0D
39000,0x103,0,2,EC02
39100,0x101,0,2,5201
39100,0x102,0,2,000E
39100,0x103,0,2,DC02
39200,0x101,0,2,5201
39200,0x102,0,2,FD0D
39200,0x103,0,2,D802
39300,0x101,0,2,5301
39300,0x102,0,2,020E
39300,0x103,0,2,C702
39400,0x101,0,2,5401
39400,0x102,0,2,070E
39400,0x103,0,2,C102
39500,0x101,0,2,5301
39500,0x102,0,2,020E
39500,0x103,0,2,BF02
39600,0x101,0,2,5301
39600,0x102,0,2,F90D
39600,0x103,0,2,C402
39700,0x101,0,2,5401
39700,0x102,0,2,060E
39700,0x103,0,2,C402
39800,0x101,0,2,5501
39800,0x102,0,2,F90D
39800,0x103,0,2,C702
39900,0x101,0,2,5501
39900,0x102,0,2,F90D
39900,0x103,0,2,B002
40000,0x101,0,2,5501
40000,0x102,0,2,010E
40000,0x103,0,2,AF02
40100,0x101,0,2,5301
40100,0x102,0,2,FA0D
40100,0x103,0,2,B402
40200,0x101,0,2,5201
40200,0x102,0,2,020E
40200,0x103,0,2,B702
40300,0x101,0,2,5501
40300,0x102,0,2,000E
40300,0x103,0,2,9F02
40400,0x101,0,2,5301
40400,0x102,0,2,F80D
40400,0x103,0,2,9F02
40500,0x101,0,2,5601
40500,0x102,0,2,FA0D
40500,0x103,0,2,9D02
40600,0x101,0,2,5301
40600,0x102,0,2,F90D
40600,0x103,0,2,9802
40700,0x101,0,2,5401
40700,0x102,0,2,F40D
40700,0x103,0,2,9202
40800,0x101,0,2,5501
40800,0x102,0,2,F40D
40800,0x103,0,2,9202
40900,0x101,0,2,5601
40900,0x102,0,2,F60D
40900,0x103,0,2,8F02
41000,0x101,0,2,5501
41000,0x102,0,2,F70D
41000,0x103,0,2,8A02
41100,0x101,0,2,5501
41100,0x102,0,2,F60D
41100,0x103,0,2,7B02
41200,0x101,0,2,5701
41200,0x102,0,2,F70D
41200,0x103,0,2,8F02
41300,0x101,0,2,5401
41300,0x102,0,2,F60D
41300,0x103,0,2,8102
41400,0x101,0,2,5601
41400,0x102,0,2,EF0D
41400,0x103,0,2,8002
41500,0x101,0,2,5601
41500,0x102,0,2,FD0D
41500,0x103,0,2,7802
41600,0x101,0,2,5001
41600,0x102,0,2,F70D
41600,0x103,0,2,7602
41700,0x101,0,2,5501
41700,0x102,0,2,F60D
41700,0x103,0,2,7A02
41800,0x101,0,2,5801
41800,0x102,0,2,F20D
41800,0x103,0,2,7402
41900,0x101,0,2,5401
41900,0x102,0,2,F30D
41900,0x103,0,2,6C02
42000,0x101,0,2,5501
42000,0x102,0,2,F90D
42000,0x103,0,2,6B02
42100,0x101,0,2,5501
42100,0x102,0,2,FB0D
42100,0x103,0,2,6C02
42200,0x101,0,2,5601
42200,0x102,0,2,F40D
42200,0x103,0,2,6102
42300,0x101,0,2,5501
42300,0x102,0,2,F40D
42300,0x103,0,2,6802
42400,0x101,0,2,5401
42400,0x102,0,2,F20D
42400,0x103,0,2,6D02
42500,0x101,0,2,5501
42500,0x102,0,2,F10D
42500,0x103,0,2,6302
42600,0x101,0,2,5401
42600,0x102,0,2,F50D
42600,0x103,0,2,6302
42700,0x101,0,2,5701
42700,0x102,0,2,F10D
42700,0x103,0,2,6C02
42800,0x101,0,2,5601
42800,0x102,0,2,EF0D
42800,0x103,0,2,5F02
42900,0x101,0,2,5901
42900,0x102,0,2,F50D
42900,0x103,0,2,5502
43000,0x101,0,2,5601
43000,0x102,0,2,E80D
43000,0x103,0,2,5C02
43100,0x101,0,2,5501
43100,0x102,0,2,F00D
43100,0x103,0,2,6102
43200,0x101,0,2,5801
43200,0x102,0,2,F10D
43200,0x103,0,2,7402
43300,0x101,0,2,5501
43300,0x102,0,2,F50D
43300,0x103,0,2,6402
43400,0x101,0,2,5701
43400,0x102,0,2,F30D
43400,0x103,0,2,5E02
43500,0x101,0,2,5801
43500,0x102,0,2,F00D
43500,0x103,0,2,5F02
43600,0x101,0,2,5A01
43600,0x102,0,2,F60D
43600,0x103,0,2,5502
43700,0x101,0,2,5A01
43700,0x102,0,2,F00D
43700,0x103,0,2,5802
43800,0x101,0,2,5801
43800,0x102,0,2,ED0D
43800,0x103,0,2,5C02
43900,0x101,0,2,5C01
43900,0x102,0,2,F00D
43900,0x103,0,2,5902
44000,0x101,0,2,5701
44000,0x102,0,2,F60D
44000,0x103,0,2,5D02
44100,0x101,0,2,5801
44100,0x102,0,2,F30D
44100,0x103,0,2,4E02
44200,0x101,0,2,5601
44200,0x102,0,2,EC0D
44200,0x103,0,2,5F02
44300,0x101,0,2,5601
44300,0x102,0,2,EA0D
44300,0x103,0,2,4B02
44400,0x101,0,2,5701
44400,0x102,0,2,EA0D
44400,0x103,0,2,5902
44500,0x101,0,2,5901
44500,0x102,0,2,F10D
44500,0x103,0,2,5F02
44600,0x101,0,2,5801
44600,0x102,0,2,F40D
44600,0x103,0,2,5F02
44700,0x101,0,2,5801
44700,0x102,0,2,E80D
44700,0x103,0,2,6202
44800,0x101,0,2,5A01
44800,0x102,0,2,F40D
44800,0x103,0,2,5A02
44900,0x101,0,2,5801
44900,0x102,0,2,F00D
44900,0x103,0,2,5502
45000,0x101,0,2,5701
45000,0x102,0,2,E60D
45000,0x103,0,2,6402
45100,0x101,0,2,5801
45100,0x102,0,2,F40D
45100,0x103,0,2,6002
45200,0x101,0,2,5901
45200,0x102,0,2,EB0D
45200,0x103,0,2,6102
45300,0x101,0,2,5A01
45300,0x102,0,2,EA0D
45300,0x103,0,2,4F02
45400,0x101,0,2,5901
45400,0x102,0,2,EF0D
45400,0x103,0,2,6902
45500,0x101,0,2,5801
45500,0x102,0,2,EC0D
45500,0x103,0,2,6E02
45600,0x101,0,2,5C01
45600,0x102,0,2,EB0D
45600,0x103,0,2,6302
45700,0x101,0,2,5A01
45700,0x102,0,2,EA0D
45700,0x103,0,2,6102
45800,0x101,0,2,5A01
45800,0x102,0,2,EA0D
45800,0x103,0,2,5902
45900,0x101,0,2,5901
45900,0x102,0,2,E90D
45900,0x103,0,2,6302
46000,0x101,0,2,5901
46000,0x102,0,2,E70D
46000,0x103,0,2,6E02
46100,0x101,0,2,5A01
46100,0x102,0,2,F10D
46100,0x103,0,2,7B02
46200,0x101,0,2,5801
46200,0x102,0,2,E50D
46200,0x103,0,2,7202
46300,0x101,0,2,5901
46300,0x102,0,2,E70D
46300,0x103,0,2,8002
46400,0x101,0,2,5E01
46400,0x102,0,2,E50D
46400,0x103,0,2,8F02
46500,0x101,0,2,5A01
46500,0x102,0,2,E60D
46500,0x103,0,2,7F02
46600,0x101,0,2,5B01
46600,0x102,0,2,E70D
46600,0x103,0,2,8202
46700,0x101,0,2,5901
46700,0x102,0,2,E30D
46700,0x103,0,2,7A02
46800,0x101,0,2,5B01
46800,0x102,0,2,E50D
46800,0x103,0,2,8002
46900,0x101,0,2,5801
46900,0x102,0,2,E80D
46900,0x103,0,2,8202
47000,0x101,0,2,5D01
47000,0x102,0,2,E60D
47000,0x103,0,2,8602
47100,0x101,0,2,5801
47100,0x102,0,2,DF0D
47100,0x103,0,2,9402
47200,0x101,0,2,5B01
47200,0x102,0,2,EC0D
47200,0x103,0,2,8C02
47300,0x101,0,2,5701
47300,0x102,0,2,E40D
47300,0x103,0,2,9002
47400,0x101,0,2,5C01
47400,0x102,0,2,DF0D
47400,0x103,0,2,9502
47500,0x101,0,2,5D01
47500,0x102,0,2,E30D
47500,0x103,0,2,A802
47600,0x101,0,2,5B01
47600,0x102,0,2,E40D
47600,0x103,0,2,A802
47700,0x101,0,2,5B01
47700,0x102,0,2,E30D
47700,0x103,0,2,AF02
47800,0x101,0,2,5D01
47800,0x102,0,2,E70D
47800,0x103,0,2,A302
47900,0x101,0,2,5F01
47900,0x102,0,2,E00D
47900,0x103,0,2,AF02
48000,0x101,0,2,5A01
48000,0x102,0,2,E10D
48000,0x103,0,2,B502
48100,0x101,0,2,5C01
48100,0x102,0,2,E20D
48100,0x103,0,2,C302
48200,0x101,0,2,5901
48200,0x102,0,2,DF0D
48200,0x103,0,2,C002
48300,0x101,0,2,5D01
48300,0x102,0,2,E30D
48300,0x103,0,2,BC02
48400,0x101,0,2,5A01
48400,0x102,0,2,E50D
48400,0x103,0,2,BC02
48500,0x101,0,2,5B01
48500,0x102,0,2,E40D
48500,0x103,0,2,CA02
48600,0x101,0,2,5E01
48600,0x102,0,2,DF0D
48600,0x103,0,2,CA02
48700,0x101,0,2,5B01
48700,0x102,0,2,DF0D
48700,0x103,0,2,D302
48800,0x101,0,2,5F01
48800,0x102,0,2,E50D
48800,0x103,0,2,D602
48900,0x101,0,2,5C01
48900,0x102,0,2,E40D
48900,0x103,0,2,E202
49000,0x101,0,2,5D01
49000,0x102,0,2,DC0D
49000,0x103,0,2,D902
49100,0x101,0,2,5C01
49100,0x102,0,2,E50D
49100,0x103,0,2,DF02
49200,0x101,0,2,5D01
49200,0x102,0,2,E20D
49200,0x103,0,2,E002
49300,0x101,0,2,5B01
49300,0x102,0,2,E10D
49300,0x103,0,2,F602
49400,0x101,0,2,5C01
49400,0x102,0,2,DB0D
49400,0x103,0,2,F202
49500,0x101,0,2,5F01
49500,0x102,0,2,CF0D
49500,0x103,0,2,0903
49600,0x101,0,2,5D01
49600,0x102,0,2,DC0D
49600,0x103,0,2,F702
49700,0x101,0,2,5F01
49700,0x102,0,2,E00D
49700,0x103,0,2,0403
49800,0x101,0,2,5D01
49800,0x102,0,2,CF0D
49800,0x103,0,2,0A03
49900,0x101,0,2,5D01
49900,0x102,0,2,D70D
49900,0x103,0,2,0F03
50000,0x101,0,2,5E01
50000,0x102,0,2,E00D
50000,0x103,0,2,0F03
50100,0x101,0,2,5E01
50100,0x102,0,2,E20D
50100,0x103,0,2,1E03
50200,0x101,0,2,5C01
50200,0x102,0,2,E30D
50200,0x103,0,2,0C03
50300,0x101,0,2,5D01
50300,0x102,0,2,DC0D
50300,0x103,0,2,2803
50400,0x101,0,2,5E01
50400,0x102,0,2,DE0D
50400,0x103,0,2,2403
50500,0x101,0,2,5F01
50500,0x102,0,2,D80D
50500,0x103,0,2,2C03
50600,0x101,0,2,6101
50600,0x102,0,2,DB0D
50600,0x103,0,2,2D03
50700,0x101,0,2,5F01
50700,0x102,0,2,D90D
50700,0x103,0,2,3503
50800,0x101,0,2,5F01
50800,0x102,0,2,E10D
50800,0x103,0,2,4903
50900,0x101,0,2,6101
50900,0x102,0,2,E60D
50900,0x103,0,2,4D03
51000,0x101,0,2,5D01
51000,0x102,0,2,DE0D
51000,0x103,0,2,3B03
51100,0x101,0,2,6001
51100,0x102,0,2,D90D
51100,0x103,0,2,4B03
51200,0x101,0,2,6101
51200,0x102,0,2,DC0D
51200,0x103,0,2,4003
51300,0x101,0,2,5F01
51300,0x102,0,2,DE0D
51300,0x103,0,2,5603
51400,0x101,0,2,5D01
51400,0x102,0,2,D80D
51400,0x103,0,2,5F03
51500,0x101,0,2,6101
51500,0x102,0,2,4D08
51500,0x103,0,2,4D03
51600,0x101,0,2,5F01
51600,0x102,0,2,D90D
51600,0x103,0,2,5A03
51700,0x101,0,2,5E01
51700,0x102,0,2,DB0D
51700,0x103,0,2,7003
51800,0x101,0,2,6001
51800,0x102,0,2,D50D
51800,0x103,0,2,7903
51900,0x101,0,2,6101
51900,0x102,0,2,E00D
51900,0x103,0,2,7003
52000,0x101,0,2,6001
52000,0x102,0,2,DA0D
52000,0x103,0,2,7003
52100,0x101,0,2,5D01
52100,0x102,0,2,D80D
52100,0x103,0,2,7A03
52200,0x101,0,2,6201
52200,0x102,0,2,D80D
52200,0x103,0,2,6D03
52300,0x101,0,2,5E01
52300,0x102,0,2,D20D
52300,0x103,0,2,8103
52400,0x101,0,2,6101
52400,0x102,0,2,D00D
52400,0x103,0,2,7A03
52500,0x101,0,2,6101
52500,0x102,0,2,D50D
52500,0x103,0,2,8B03
52600,0x101,0,2,5F01
52600,0x102,0,2,D10D
52600,0x103,0,2,9903
52700,0x101,0,2,6001
52700,0x102,0,2,D90D
52700,0x103,0,2,9D03
52800,0x101,0,2,6001
52800,0x102,0,2,D50D
52800,0x103,0,2,8503
52900,0x101,0,2,6101
52900,0x102,0,2,D20D
52900,0x103,0,2,9403
53000,0x101,0,2,6301
53000,0x102,0,2,D50D
53000,0x103,0,2,AE03
53100,0x101,0,2,6001
53100,0x102,0,2,D50D
53100,0x103,0,2,A603
53200,0x101,0,2,6001
53200,0x102,0,2,D40D
53200,0x103,0,2,9D03
53300,0x101,0,2,6001
53300,0x102,0,2,D30D
53300,0x103,0,2,9703
53400,0x101,0,2,5F01
53400,0x102,0,2,D80D
53400,0x103,0,2,AB03
53500,0x101,0,2,6001
53500,0x102,0,2,D30D
53500,0x103,0,2,AA03
53600,0x101,0,2,5F01
53600,0x102,0,2,D10D
53600,0x103,0,2,AB03
53700,0x101,0,2,5E01
53700,0x102,0,2,D40D
53700,0x103,0,2,B603
53800,0x101,0,2,6201
53800,0x102,0,2,D20D
53800,0x103,0,2,C303
53900,0x101,0,2,6001
53900,0x102,0,2,CF0D
53900,0x103,0,2,B803
54000,0x101,0,2,6101
54000,0x102,0,2,D70D
54000,0x103,0,2,CF03
54100,0x101,0,2,6101
54100,0x102,0,2,CE0D
54100,0x103,0,2,BF03
54200,0x101,0,2,6401
54200,0x102,0,2,CF0D
54200,0x103,0,2,C103
54300,0x101,0,2,6201
54300,0x102,0,2,D30D
54300,0x103,0,2,C803
54400,0x101,0,2,6301
54400,0x102,0,2,D00D
54400,0x103,0,2,CE03
54500,0x101,0,2,6001
54500,0x102,0,2,D10D
54500,0x103,0,2,C503
54600,0x101,0,2,6201
54600,0x102,0,2,D60D
54600,0x103,0,2,CD03
54700,0x101,0,2,6301
54700,0x102,0,2,CB0D
54700,0x103,0,2,CA03
54800,0x101,0,2,6301
54800,0x102,0,2,CA0D
54800,0x103,0,2,DD03
54900,0x101,0,2,6101
54900,0x102,0,2,D10D
54900,0x103,0,2,D703
55000,0x101,0,2,6301
55000,0x102,0,2,CA0D
55000,0x103,0,2,DF03
55100,0x101,0,2,6201
55100,0x102,0,2,CB0D
55100,0x103,0,2,E003
55200,0x101,0,2,6301
55200,0x102,0,2,CB0D
55200,0x103,0,2,D103
55300,0x101,0,2,6301
55300,0x102,0,2,CC0D
55300,0x103,0,2,E403
55400,0x101,0,2,6501
55400,0x102,0,2,D50D
55400,0x103,0,2,E003
55500,0x101,0,2,6001
55500,0x102,0,2,CC0D
55500,0x103,0,2,E503
55600,0x101,0,2,6701
55600,0x102,0,2,C50D
55600,0x103,0,2,EF03
55700,0x101,0,2,6601
55700,0x102,0,2,CE0D
55700,0x103,0,2,D903
55800,0x101,0,2,6401
55800,0x102,0,2,C70D
55800,0x103,0,2,DA03
55900,0x101,0,2,6301
55900,0x102,0,2,C80D
55900,0x103,0,2,E603
56000,0x101,0,2,6401
56000,0x102,0,2,C50D
56000,0x103,0,2,EC03
56100,0x101,0,2,6301
56100,0x102,0,2,CF0D
56100,0x103,0,2,E903
56200,0x101,0,2,6301
56200,0x102,0,2,C20D
56200,0x103,0,2,E603
56300,0x101,0,2,6401
56300,0x102,0,2,C70D
56300,0x103,0,2,EE03
56400,0x101,0,2,6301
56400,0x102,0,2,C90D
56400,0x103,0,2,EF03
56500,0x101,0,2,6501
56500,0x102,0,2,C70D
56500,0x103,0,2,E703
56600,0x101,0,2,6501
56600,0x102,0,2,C70D
56600,0x103,0,2,E203
56700,0x101,0,2,6401
56700,0x102,0,2,CA0D
56700,0x103,0,2,EB03
56800,0x101,0,2,6501
56800,0x102,0,2,C60D
56800,0x103,0,2,E003
56900,0x101,0,2,6401
56900,0x102,0,2,CA0D
56900,0x103,0,2,D703
57000,0x101,0,2,6501
57000,0x102,0,2,D20D
57000,0x103,0,2,D603
57100,0x101,0,2,6501
57100,0x102,0,2,C50D
57100,0x103,0,2,EC03
57200,0x101,0,2,6601
57200,0x102,0,2,CA0D
57200,0x103,0,2,EB03
57300,0x101,0,2,6501
57300,0x102,0,2,C60D
57300,0x103,0,2,E203
57400,0x101,0,2,6601
57400,0x102,0,2,CF0D
57400,0x103,0,2,D903
57500,0x101,0,2,6401
57500,0x102,0,2,C90D
57500,0x103,0,2,F403
57600,0x101,0,2,6501
57600,0x102,0,2,C80D
57600,0x103,0,2,D603
57700,0x101,0,2,6601
57700,0x102,0,2,C50D
57700,0x103,0,2,DD03
57800,0x101,0,2,6601
57800,0x102,0,2,C30D
57800,0x103,0,2,E603
57900,0x101,0,2,6501
57900,0x102,0,2,C70D
57900,0x103,0,2,DD03
58000,0x101,0,2,6401
58000,0x102,0,2,CA0D
58000,0x103,0,2,CB03
58100,0x101,0,2,6601
58100,0x102,0,2,CB0D
58100,0x103,0,2,CF03
58200,0x101,0,2,6401
58200,0x102,0,2,BE0D
58200,0x103,0,2,D603
58300,0x101,0,2,6501
58300,0x102,0,2,C30D
58300,0x103,0,2,DA03
58400,0x101,0,2,6901
58400,0x102,0,2,C90D
58400,0x103,0,2,CD03
58500,0x101,0,2,6601
58500,0x102,0,2,C60D
58500,0x103,0,2,CA03
58600,0x101,0,2,6601
58600,0x102,0,2,CA0D
58600,0x103,0,2,D703
58700,0x101,0,2,6901
58700,0x102,0,2,C50D
58700,0x103,0,2,CA03
58800,0x101,0,2,6601
58800,0x102,0,2,C30D
58800,0x103,0,2,CE03
58900,0x101,0,2,6601
58900,0x102,0,2,BC0D
58900,0x103,0,2,C503
59000,0x101,0,2,6701
59000,0x102,0,2,BE0D
59000,0x103,0,2,C903
59100,0x101,0,2,6701
59100,0x102,0,2,C50D
59100,0x103,0,2,C003
59200,0x101,0,2,6701
59200,0x102,0,2,BD0D
59200,0x103,0,2,B203
59300,0x101,0,2,6801
59300,0x102,0,2,BE0D
59300,0x103,0,2,BB03
59400,0x101,0,2,6601
59400,0x102,0,2,C40D
59400,0x103,0,2,B103
59500,0x101,0,2,6801
59500,0x102,0,2,C40D
59500,0x103,0,2,A303
59600,0x101,0,2,6801
59600,0x102,0,2,BE0D
59600,0x103,0,2,BC03
59700,0x101,0,2,6601
59700,0x102,0,2,C50D
59700,0x103,0,2,B903
59800,0x101,0,2,6901
59800,0x102,0,2,C30D
59800,0x103,0,2,A003
59900,0x101,0,2,6901
59900,0x102,0,2,C20D
59900,0x103,0,2,9103
